,Anant.gmm,Max_Score
1,-82.1830620763657,-82.1830620763657
2,-81.30782794731627,-81.30782794731627
3,-78.71305156298557,-78.71305156298557
4,-95.8640411377418,-95.8640411377418
